city_id,city_name,longitude,latitude,orig_city_name,prov_from_name,name,type,province_name,population,private_dwellings,land_area_sqkm,pop_density_per_sqkm,province,apt_mthly_rent,property_price_sqft,ave_mthly_net_salary,quality_of_life_idx,cost_of_living_idx
33365,North Vancouver,-123.0724139,49.3199816,North Vancouver,,North Vancouver,City,British Columbia,52898.0,26426.0,11.85,4465.1,BC,3805.0,9592.895130234705,4750.0,,
33399,Cochrane,-114.46786029999998,51.1909883,Cochrane,,Cochrane,Town,Alberta,25853.0,10225.0,29.83,866.7,AB,2400.0,,2250.0,,
33600,Slave Lake,-114.7711184,55.2866833,Slave Lake,,Slave Lake,Town,Alberta,6651.0,2762.0,14.44,460.5,AB,2200.0,,4958.333333333334,,
33745,Tottenham,-79.80559459999998,44.0224843,"Tottenham, ON",ON,,,,,,,,ON,,,,,
33754,Boisbriand,-73.8383733,45.6126338,"Boisbriand, QC, Canada",QC,Boisbriand,Ville,Quebec,26884.0,10537.0,27.82,966.5,QC,,,3916.5,,
33771,Leamington,-82.5998874,42.053163399999995,Leamington,,Leamington,Municipality,Ontario,27595.0,10726.0,262.01,105.3,ON,,,2770.0,,
33831,Drummondville,-72.4842824,45.8802909,Drummondville,,Drummondville,Ville,Quebec,75423.0,35402.0,247.15,305.2,QC,,,2721.0,,
33836,Summerland,-119.67777777778,49.600555555556,Summerland,,Summerland,District municipality,British Columbia,11615.0,5240.0,74.08,156.8,BC,,,,,
33850,Armstrong,-119.1969938,50.44769829999999,Armstrong,,Armstrong,City,British Columbia,5114.0,2143.0,5.22,979.8,BC,,,,,
33863,Marathon,-86.38219559999999,48.716744,Marathon,,Marathon,Town,Ontario,3273.0,1643.0,170.54,19.2,ON,,,,,
33871,Wallaceburg,-82.38825290000003,42.5926445,Wallaceburg,,,,,,,,,ON,700.0,,1100.0,,
33982,Brockville,-75.68428580000001,44.5895244,"Brockville, Ont",ON,Brockville,City,Ontario,21346.0,10826.0,20.85,1023.6,ON,985.0,,,,
34041,Holland Landing,-79.48742299999998,44.09986079999999,Holland Landing,,,,,,,,,ON,2500.0,,,,
34045,Yarmouth,-66.11738199999999,43.8374576,Yarmouth,,Yarmouth,Town,Nova Scotia,6518.0,3470.0,10.57,616.9,NS,,,4600.0,,
34086,Lachute,-74.33980150000001,45.652058600000004,Lachute,,Lachute,Ville,Quebec,12862.0,6403.0,109.96,117.0,QC,900.0,,2186.0,,
34105,Fort Smith,-111.8849379,60.00552,Fort Smith,,Fort Smith,Town,Northwest Territories,2542.0,1088.0,92.79,27.4,NT,1200.0,,,,
34138,Mount Pearl,-52.807438888888996,47.518838888889,Mount Pearl,,Mount Pearl,City,Newfoundland and Labrador,22957.0,10381.0,15.76,1456.8,NL,,,,,
34144,Drumheller,-112.7105342,51.4651847,"Drumheller, AB",AB,Drumheller,Town,Alberta,7982.0,3471.0,108.03,73.9,AB,1500.0,4305.564166683888,4560.0,,
34157,Arnprior,-76.3518469,45.4347445,"Arnprior, Ontario",ON,Arnprior,Town,Ontario,8795.0,4124.0,13.07,672.7,ON,,,4450.777777777777,,
34374,Camrose,-112.8285983,53.0222045,Camrose,,Camrose,City,Alberta,18742.0,8520.0,42.62,439.8,AB,,,3248.0,,
34380,Bowmanville,-78.688019,43.912604200000004,"Bowmanville, Ontario",ON,,,,,,,,ON,,,3500.0,,
34395,Barrhead,-114.4016742,54.12307220000001,Barrrhead AB,,Barrhead,Town,Alberta,4579.0,2009.0,8.17,560.4,AB,,,4600.0,,
34397,Tofino,-125.90661840000001,49.1529842,Tofino,,Tofino,District municipality,British Columbia,1932.0,1037.0,10.55,183.1,BC,,,,,
34398,Watson Lake,-128.8,60.1167,Watson Lake,,Watson Lake,Town,Yukon,790.0,447.0,6.11,129.4,YT,,,,,
34452,Chartierville,-71.23641740000001,45.320314700000004,"Chartierville, QC",QC,Chartierville,Municipalité,Quebec,276.0,222.0,142.05,1.9,QC,,,,,
34456,Kindersley,-109.15468249999999,51.4675266,Kindersley,,Kindersley,Town,Saskatchewan,4571.0,2063.0,13.23,345.6,SK,,,,,
34478,Ennismore,,,Ennismore,,,,,,,,,ON,,,,,
34531,Okotoks,-113.9749472,50.7254936,Okotoks,,Okotoks,Town,Alberta,28881.0,9840.0,19.63,1471.0,AB,1810.0,,3758.8333333333335,,
34552,Fort Frances,-93.3955282,48.6099494,"Fort Frances, Ontario",ON,Fort Frances,Town,Ontario,7739.0,3758.0,25.51,303.4,ON,,,,,
34640,Sainte-Agathe-des-Monts,-74.28160299999998,46.0485628,Sainte-Agathe-des-Monts (Ste-Agathe des Monts),,Sainte-Agathe-des-Monts,Ville,Quebec,10223.0,6533.0,130.09,78.6,QC,1100.0,,2083.3333333333335,,
34686,St. Thomas,-81.18265269999998,42.7777214,St. Thomas,,St. Thomas,City,Ontario,38909.0,17114.0,35.63,1092.1,ON,,,,,
34687,Bonnyville,-110.75,54.2667,Bonnyville,,Bonnyville,Town,Alberta,5417.0,2499.0,14.18,382.0,AB,,,,,
34742,Canmore,-115.36802777778,51.08366666666701,Canmore,,Canmore,Town,Alberta,13992.0,7963.0,69.43,201.5,AB,,,3530.0,,
34786,Gravelbourg,-106.5573172,49.875675799999996,Gravelbourg,,Gravelbourg,Town,Saskatchewan,1083.0,524.0,3.32,325.9,SK,1100.0,4305.564166683888,4000.0,,57.88744429744839
34896,Humboldt,-105.12299999999999,52.2019,Humboldt,,Humboldt,City,Saskatchewan,5869.0,2582.0,13.47,435.7,SK,,,,,
35025,Cobourg,-78.166666666667,43.966666666667,Cobourg,,Cobourg,Town,Ontario,19440.0,8958.0,22.36,869.3,ON,,,2905.0,,
35080,Bobcaygeon,,,"Bobcaygeon, Ontario",ON,,,,,,,,ON,,,,,
2335,Abbotsford,-122.3,49.05,Abbotsford,,Abbotsford,City,British Columbia,141397.0,51770.0,375.55,376.5,BC,1591.6666666666667,3282.992677096465,2678.878787878788,155.8592196256522,60.238281268324116
2336,Barrie,-79.7030516,44.3787033,Barrie,,Barrie,City,Ontario,141434.0,54227.0,99.04,1428.0,ON,2033.3333333333333,,3134.0,,
2337,Brampton,-79.7523867,43.714575,Brampton,,Brampton,City,Ontario,593638.0,173428.0,266.36,2228.7,ON,1912.5,4066.8421614621006,2666.6666666666665,,
2338,Brantford,-80.26358929999999,43.1394204,Brantford,,Brantford,City,Ontario,97496.0,40732.0,72.44,1345.9,ON,1466.6666666666667,3579.0002135559826,2644.0,161.302272661793,56.904278476769754
2339,Burlington,-79.7903,43.3487,Burlington,,Burlington,City,Ontario,183314.0,72535.0,185.66,987.3,ON,1950.0,5690.97760417743,3454.666666666667,194.8348346096059,75.28428068561051
2340,Burnaby,-122.973796,49.248869,Burnaby,,Burnaby,City,British Columbia,232755.0,98030.0,90.61,2568.7,BC,2875.0,10748.85759030777,4291.666666666667,208.7246010597936,71.23225520472498
2341,Calgary,-114.07084590000001,51.0486151,Calgary,,Calgary,City,Alberta,1239220.0,489650.0,825.56,1501.1,AB,2115.6862745098038,5072.168893130057,4005.5964912280697,184.13336434584025,68.22128922623077
2342,Cambridge,-80.32132299999999,43.387342,Cambridge,,Cambridge,City,Ontario,129920.0,49388.0,113.01,1149.6,ON,1533.3333333333333,3220.0,3057.2222222222217,,
2343,Coquitlam,-122.791859,49.283859,Coquitlam,,Coquitlam,City,British Columbia,139284.0,54393.0,122.3,1138.9,BC,2750.0,8193.901116691122,3220.8333333333335,163.46621818914562,63.83139077316113
2344,Edmonton,-113.4909267,53.544389,Edmonton,,Edmonton,City,Alberta,932546.0,387950.0,685.25,1360.9,AB,1878.5714285714287,3528.554884270262,3472.065656565657,173.19544064661787,65.87921223754283
2345,Gatineau,-75.64563199999999,45.483933,Gatineau,,Gatineau,Ville,Quebec,276245.0,125608.0,342.8,805.8,QC,1425.0,2016.0,3531.988148148148,175.32634108260936,59.58713920505695
2346,Guelph,-80.24762199999999,43.539102,Guelph,,Guelph,City,Ontario,131794.0,55927.0,87.22,1511.1,ON,1780.0,3662.365235841583,3398.8333333333335,186.33123671484447,66.55430727427581
2347,Hamilton,-79.86609140000002,43.25002080000001,Hamilton,,Hamilton,City,Ontario,536917.0,222918.0,1117.29,480.6,ON,1691.388888888889,4510.977604177429,3274.685185185185,166.9084713376453,60.24064337006057
2348,Kanata,-75.89868349999999,45.3088185,Kanata,,,,,,,,,ON,3200.0,5920.150729190347,3750.0,,
2349,Kelowna,-119.4961612,49.887662899999995,Kelowna,,Kelowna,City,British Columbia,127380.0,57433.0,211.85,601.3,BC,2330.0,3772.7506010567577,3197.3166666666666,173.75126145125333,67.90697894251639
2350,Kitchener,-80.47714719999998,43.412923799999994,Kitchener,,Kitchener,City,Ontario,233222.0,95495.0,136.77,1705.2,ON,1716.6666666666667,3400.8,3112.361111111111,178.5501097782414,59.48247512462456
2351,Laval,-73.74496500000001,45.577524,Laval,,Laval,Ville,Quebec,422993.0,165686.0,247.23,1710.9,QC,1275.0,3094.624244804045,3166.666666666667,186.47132351116477,61.76876790283388
2352,London,-81.2460295,42.988096999999996,London,,London,City,Ontario,383822.0,175558.0,420.35,913.1,ON,1547.2222222222222,2599.8611024999827,2928.785714285714,170.95507969117548,57.619230785911355
2353,Longueuil,-73.510726,45.537405,Longueuil,,Longueuil,Ville,Quebec,239700.0,110761.0,115.75,2070.9,QC,1350.0,3386.6666666666665,2000.0,159.9504390422477,61.94403970034232
2354,Markham,-79.25,43.8833333,Markham,,Markham,City,Ontario,328966.0,106131.0,212.35,1549.2,ON,2300.0,7803.835052114548,4125.0,207.52335938375225,59.70968423329516
2355,Mississauga,-79.6441646,43.5892854,Mississauga,,Mississauga,City,Ontario,721599.0,248469.0,292.43,2467.6,ON,2344.7368421052633,6507.8602379426975,3722.6190476190473,178.69765656680133,65.46538513199732
2356,Moncton,-64.7782313,46.087816499999995,Moncton,,Moncton,City,New Brunswick,71889.0,35380.0,141.92,506.5,NB,1195.4545454545455,2072.0527552166213,2643.02625,191.03042606954452,61.920735076751654
2357,Oakville,-79.70164799999999,43.452878999999996,Oakville,,Oakville,Town,Ontario,193832.0,68617.0,138.89,1395.6,ON,2300.0,3939.5912125157583,4333.333333333333,187.5641532526048,77.1508563778663
2358,Oshawa,-78.86579119999998,43.8970929,Oshawa,,Oshawa,City,Ontario,159458.0,64883.0,145.64,1094.9,ON,1778.5714285714287,3094.624244804045,3238.3333333333335,173.08927509511548,68.89066525974194
2359,Ottawa,-75.69719309999998,45.42152960000001,Ottawa,,Ottawa,City,Ontario,934243.0,395985.0,2790.3,334.8,ON,2094.7368421052633,4582.447026798815,3827.8361111111108,195.14178343951525,66.0362651045484
2360,Regina,-104.6188944,50.4452112,Regina,,Regina,City,Saskatchewan,215106.0,93197.0,179.97,1195.2,SK,1946.6,3169.449783344011,3105.1428571428573,150.3627530741323,66.21822684819935
2361,Richmond,-123.133569,49.1665898,Richmond,,Richmond,City,British Columbia,198309.0,77478.0,129.27,1534.1,BC,2875.0,6791.346250025832,2431.4285714285716,,
2362,Richmond Hill,-79.43039,43.88493,Richmond Hill,,Richmond Hill,Town,Ontario,195022.0,66465.0,101.11,1928.8,ON,2550.0,,3416.6666666666665,,
2363,Saanich,-123.3960061,48.4929011,Saanich,,Saanich,District municipality,British Columbia,114148.0,49422.0,103.78,1099.9,BC,2300.0,5820.144529177947,2400.0,,
2364,St. John's,-52.712675,47.561485,Saint John's,,St. John's,City,Newfoundland and Labrador,108860.0,52410.0,445.88,244.1,NL,1350.0,2900.0,2931.2380952380954,,
2365,Saskatoon,-106.6605124,52.1303794,Saskatoon,,Saskatoon,City,Saskatchewan,246376.0,107098.0,228.13,1080.0,SK,1660.9333333333334,2967.2513048729797,3022.1875,155.5414576136077,73.46291589030805
2366,Sherbrooke,-71.887681,45.4029964,Sherbrooke,,Sherbrooke,Ville,Quebec,161323.0,80341.0,353.76,456.0,QC,818.75,,2958.0,,55.840602406891904
2367,Sudbury,-81.01,46.49,Sudbury,,,,,,,,,ON,1467.0,5434.34,2967.222222222222,,61.1306439489127
2368,Surrey,-122.80109399999999,49.1044302,Surrey,,Surrey,City,British Columbia,517887.0,181159.0,316.41,1636.8,BC,2143.3333333333335,8611.128333367777,2533.3333333333335,,
2369,Thunder Bay,-89.2673,48.415802,Thunder Bay,,Thunder Bay,City,Ontario,107909.0,50388.0,328.36,328.6,ON,1475.0,3767.3686458484026,2959.2222222222217,155.82762557336122,65.40425740621941
2370,Toronto,-79.3849008,43.6529206,Toronto,,Toronto,City,Ontario,2731571.0,1179057.0,630.2,4334.4,ON,3543.3673469387754,10085.762679714247,3455.907185185183,151.23930935045513,81.36752226812956
2371,Vancouver,-123.1207375,49.282729100000005,Vancouver,,Vancouver,City,British Columbia,631486.0,309418.0,114.97,5492.6,BC,3560.530303030303,11631.84006974075,3219.0487804878044,171.69867818808575,68.25674024907839
2372,Vaughan,-79.5,43.8333333,Vaughan,,Vaughan,City,Ontario,306233.0,96657.0,273.56,1119.4,ON,3075.0,7534.737291696805,4060.524,151.42241604340606,74.42555955982799
2373,Victoria,-123.3655556,48.428611100000005,Victoria,,Victoria,City,British Columbia,85792.0,49212.0,19.47,4405.8,BC,2593.103448275862,5698.131576510066,3101.4430416666664,193.91198039799843,68.28873012288452
2374,Windsor,-83.03636329999998,42.314936700000004,Windsor,,Windsor,City,Ontario,217188.0,97777.0,146.38,1483.8,ON,1250.0,4305.564166683889,2924.944444444444,164.44068812994345,59.55691020041963
2375,Winnipeg,-97.13749370000001,49.8997541,Winnipeg,,Winnipeg,City,Manitoba,705244.0,294245.0,464.33,1518.8,MB,1465.3846153846155,2975.1050852895355,2762.0999999999995,147.5402752098439,60.870704233311436
35146,Hay River,,,"Hay River, NT",NT,Hay River,Town,Northwest Territories,3528.0,1572.0,133.15,26.5,NT,2000.0,3700.0,4500.0,,
35150,Drayton Valley,-114.977,53.2222,Drayton Valley,,Drayton Valley,Town,Alberta,7235.0,3116.0,30.72,235.5,AB,1200.0,,,,
35223,Kimberley,,,Kimberley,,Kimberley,City,British Columbia,7425.0,4225.0,60.62,122.5,BC,1400.0,,6666.666666666667,,
35307,Midland,,,Midland,,Midland,Town,Ontario,16864.0,7739.0,35.34,477.3,ON,,,,,
35360,Listowel,,,Listowel,,,,,,,,,ON,1450.0,2150.0,3150.0,,
35394,Ilderton,,,Ilderton,,,,,,,,,ON,,,,,
35452,Campbell River,,,Campbell River,,Campbell River,City,British Columbia,32588.0,14810.0,144.36,225.7,BC,,,,,
35551,Thorold,,,Thorold ontario,,Thorold,City,Ontario,18801.0,8498.0,82.99,226.5,ON,,,,,
7391,Montreal,-73.567256,45.5016889,Montreal,,Montreal,Ville,Quebec,1704694.0,843872.0,365.65,4662.1,QC,1921.09375,5133.765455409699,2895.321004912178,164.4954056898462,63.28745881875388
7439,New Westminster,-122.91720900000001,49.210086,New Westminster,,New Westminster,City,British Columbia,70996.0,34235.0,15.63,4543.4,BC,2280.0,6616.49101113017,3695.0,,
7469,Halifax,-63.575312,44.648881,Halifax,,Halifax,Regional municipality,Nova Scotia,403131.0,187338.0,5490.35,73.4,NS,1890.15,4502.005531788841,2827.9666666666667,172.3904317040535,69.45465582025197
7494,Peterborough,-78.320087,44.305913000000004,Peterborough,,Peterborough,City,Ontario,81032.0,36785.0,64.25,1261.2,ON,1485.7142857142858,,3069.3333333333335,,
7497,Summerford,-54.796875,49.491482,Summerford,,Summerford,Town,Newfoundland and Labrador,906.0,467.0,16.06,56.4,NL,,,,,
7517,Waterloo,-80.52177859999999,43.4655524,Waterloo,,Waterloo,City,Ontario,104986.0,46096.0,64.02,1639.8,ON,2116.6666666666665,4600.0,3112.625,,65.14371991068305
7521,Fort McMurray,-111.37432,56.7234442,Fort McMurray,,,,,,,,,AB,2385.714285714286,3260.0,5000.0,,
7528,Medicine Hat,-110.67760700000001,50.041554,Medicine Hat,,Medicine Hat,City,Alberta,63260.0,27970.0,112.04,564.6,AB,1191.6666666666667,,2886.0,,
7559,Belleville,-77.378742,44.204279,Belleville,,Belleville,City,Ontario,50716.0,22744.0,247.25,205.1,ON,1533.3333333333333,2771.7069323027536,2621.8,,
7577,Quebec City,-71.242796,46.8032826,Quebec City,,,,,,,,,,1072.5,2651.855755563363,3236.9047619047624,189.47406885024338,65.68841986367262
7611,Saint-Sauveur,-74.161776,45.893682,St-Sauveur des Monts,,Saint-Sauveur,Ville,Quebec,10231.0,6802.0,47.91,213.5,QC,,,,,
7631,Banff,-115.57076940000002,51.178362899999996,Banff,,Banff,Town,Alberta,7851.0,2729.0,4.77,1646.0,AB,3000.0,6652.205711818831,2894.6666666666665,,76.84116733029988
7634,Whitby,-78.93813929999999,43.8649805,"Whitby, ON",ON,Whitby,Town,Ontario,128377.0,44195.0,146.66,875.4,ON,1566.6666666666667,5273.0,4250.0,,
7650,Windsor,-64.134197,44.990138,"Windsor, NS",NS,Windsor,Town,Nova Scotia,3648.0,1715.0,9.11,400.6,NS,,,,,
7781,North Bay,-79.434225,46.319107,North Bay,,North Bay,City,Ontario,51553.0,24799.0,319.11,161.6,ON,1225.0,2000.0,2664.0483333333336,,
7782,Welland,-79.2482555,42.992157899999995,Welland,,Welland,City,Ontario,52293.0,23323.0,81.04,645.3,ON,1316.6666666666667,,,,
7814,Red Deer,-113.802295,52.266740999999996,Red Deer,,Red Deer,City,Alberta,100418.0,42285.0,104.73,958.8,AB,1462.5,2690.9776041774303,3514.9,154.28634248636888,66.06362985580556
7830,Truro,-63.281996,45.35776,"Truro, NS",NS,Truro,Town,Nova Scotia,12261.0,6574.0,34.49,355.5,NS,1000.0,,,,
7835,Penticton,-119.581869,49.488503,Penticton,,Penticton,City,British Columbia,33761.0,16895.0,42.1,801.8,BC,1765.111111111111,3104.260694447315,2257.2,,
7861,High Level,-117.132954,58.510343000000006,High Level,,High Level,Town,Alberta,3159.0,1339.0,29.2,108.2,AB,,,,,
7880,Whitehorse,-135.05,60.716666700000005,Whitehorse,,Whitehorse,City,Yukon,25085.0,10710.0,416.54,60.2,YT,2000.0,4250.0,3528.8333333333335,,
7893,Vernon,-119.29214499999999,50.255069,"Vernon, BC",BC,Vernon,City,British Columbia,40116.0,19170.0,96.05,417.7,BC,2120.0,2614.586562506458,3528.0,,
7916,Fredericton,-66.6437529,45.9646491,Fredericton,,Fredericton,City,New Brunswick,58220.0,28431.0,132.57,439.2,NB,1406.25,1614.5865625064582,2658.733333333333,,72.73300893877521
7926,Fort St John,-120.853401,56.247958999999994,"Fort St John, BC",BC,,,,,,,,BC,1500.0,,3250.0,,
7930,Wolfville,-64.359321,45.091311,Wolfville,,Wolfville,Town,Nova Scotia,4195.0,2585.0,6.46,649.8,NS,1375.0,,4200.0,,
7952,Lethbridge,-112.84183999999999,49.693490000000004,"Lethbridge, AB",AB,Lethbridge,City,Alberta,92729.0,39867.0,122.09,759.5,AB,1425.0,2595.488802088715,2333.3333333333335,,
8034,St. Catherines,-79.2563756,43.1477299,St.Catharines,,,,,,,,,,1493.75,2298.0948739675255,2780.0,186.7564425776573,61.85344695597558
8040,Saint John,-66.0633081,45.2733153,Saint John,,Saint John,City,New Brunswick,67575.0,33801.0,315.96,213.9,NB,1367.857142857143,1354.4228477345844,2612.539333333333,155.1971074994592,68.03022466009855
8060,Grande Prairie,-118.797932,55.169931999999996,Grande Prairie,,Grande Prairie,City,Alberta,63166.0,26204.0,132.73,475.9,AB,1498.3333333333333,1927.663975700544,3075.8333333333335,,
8104,Yellowknife,-114.376469,62.454648,Yellowknife,,Yellowknife,City,Northwest Territories,19569.0,7758.0,105.47,185.5,NT,2533.3333333333335,3767.3686458484026,4025.0416666666665,,82.89072589124153
8118,Sault Ste. Marie,-84.31945490000001,46.5218221,Sault Ste. Marie,,Sault Ste. Marie,City,Ontario,73368.0,34485.0,223.24,328.6,ON,1230.0,1499.7356383601657,2619.0,,64.62376603878297
8143,Charlottetown,-63.1310277,46.2333097,Charlottetown,,Charlottetown,City,Prince Edward Island,36094.0,17193.0,44.34,814.1,PE,1466.6666666666667,2345.293281253229,2548.0555555555557,192.70249724184487,65.34630352789618
8162,Prince George,-122.77658400000001,53.91848,Prince George,,Prince George,City,British Columbia,74003.0,32098.0,318.26,232.5,BC,1350.0,3200.0,3114.714285714286,158.4447691380805,78.99959915027527
8171,Whistler,-122.959423,50.116168,Whistler,,Whistler,District municipality,British Columbia,11854.0,10507.0,240.41,49.3,BC,4750.0,5000.0,2040.0,,
8173,Terrace,-128.6060566,54.520572200000004,Terrace,,Terrace,City,British Columbia,11643.0,4906.0,57.36,203.0,BC,1500.0,,2594.0,,
8196,Corner Brook,-57.95,48.95,Corner Brook,,Corner Brook,City,Newfoundland and Labrador,19806.0,9395.0,148.26,133.6,NL,1083.3333333333333,,2577.0,,
8220,Owen Sound,-80.93333299999999,44.566666999999995,Owen Sound,,Owen Sound,City,Ontario,21341.0,10098.0,24.27,879.2,ON,1275.0,1600.0,2681.0,,
8226,Sainte-Martine,-73.797715,45.253265999999996,Sainte-Martine,,Sainte-Martine,Municipalité,Quebec,5461.0,2368.0,63.19,86.4,QC,,,,,
8235,Trail,-117.71055600000001,49.097221999999995,Trail,,Trail,City,British Columbia,7709.0,3990.0,34.93,220.7,BC,,,,,
8287,New Liskeard,-79.6778905,47.5088078,New Liskeard,,,,,,,,,ON,1500.0,2690.9776041774303,,,
8319,Kamloops,-120.32726740000001,50.674521999999996,Kamloops,,Kamloops,City,British Columbia,90280.0,39081.0,299.25,301.7,BC,1466.6666666666667,2100.0,2575.8333333333335,,59.03813662005861
8342,Sarnia,-82.36059,42.9848,Sarnia,,Sarnia,City,Ontario,71594.0,33324.0,164.85,434.3,ON,1640.0,3003.1310062620123,3095.6666666666665,165.96415895008974,66.5656150482003
8446,Kingston,-76.48595440000001,44.2311717,Kingston,,Kingston,City,Ontario,123798.0,59977.0,451.19,274.4,ON,1937.5,7146.649811818142,3061.208333333333,,
8519,Revelstoke,-118.196923,51.001622,Revelstoke,,Revelstoke,City,British Columbia,7547.0,3531.0,41.13,183.5,BC,1500.0,,2500.0,,
8547,Nelson,-117.28786809999998,49.494202,Nelson BC,,Nelson,City,British Columbia,10572.0,5061.0,11.95,884.3,BC,2033.3333333333333,3229.1731250129164,2825.0,208.78528459395258,68.24096526773015
8559,Tisdale,-104.05,52.85,"Tisdale, SK",SK,Tisdale,Town,Saskatchewan,3235.0,1637.0,6.47,500.0,SK,,,5677.0,,
8566,Bridgewater,-64.521477,44.378158899999995,"Bridgewater, NS",NS,Bridgewater,Town,Nova Scotia,8532.0,4299.0,13.63,625.9,NS,,,,,
8600,Elliot Lake,-82.650941,46.386179,"Elliot Lake, ON",ON,Elliot Lake,City,Ontario,10741.0,6259.0,714.65,15.0,ON,692.0,,,,
8609,Cornwall,-74.730345,45.0212762,"Cornwall, ON",ON,Cornwall,City,Ontario,46589.0,21659.0,61.56,756.8,ON,1100.0,,2479.0,,
8628,Comox,-124.92833300000001,49.672886,"Comox, BC",BC,Comox,Town,British Columbia,14028.0,6410.0,16.74,838.2,BC,1680.0,2864.586562506458,2333.3333333333335,,
8755,Labrador City,-66.920097,52.939579,Labrador City,,Labrador City,Town,Newfoundland and Labrador,7220.0,3474.0,38.83,186.0,NL,1350.0,,5000.0,,
8803,Fort Nelson,-122.697236,58.8050174,"Fort Nelson, BC",BC,,,,,,,,BC,600.0,,4000.0,,
8810,Nanaimo,-123.94006470000001,49.1658836,"Nanaimo, BC",BC,Nanaimo,City,British Columbia,90504.0,40885.0,90.76,997.2,BC,1672.2222222222222,2673.037753482914,2450.1924358974356,193.8201643261198,62.77485204549572
8817,Simcoe,-80.30404240000001,42.8372632,"Simcoe, ON",ON,,,,,,,,ON,,,4567.0,,
8953,Powell River,-124.5247596,49.835255700000005,"Powell River, BC",BC,Powell River,City,British Columbia,13157.0,6354.0,28.91,455.1,BC,1433.3333333333333,2690.9776041774303,3000.0,,
9017,Salaberry-de-Valleyfield,-74.13308620000001,45.2500909,"Salaberry-de-Valleyfield, QC",QC,Salaberry-de-Valleyfield,Ville,Quebec,40745.0,19356.0,107.13,380.3,QC,,,,,
9037,Rouyn-Noranda,-79.01878359999999,48.234236200000005,"Rouyn-Noranda, QC",QC,Rouyn-Noranda,Ville,Quebec,42334.0,20568.0,6009.86,7.0,QC,,,,,
9095,Timmins,-81.3304953,48.4758208,"Timmins, ON",ON,Timmins,City,Ontario,41788.0,19317.0,2978.83,14.0,ON,1350.0,,3221.25,,
9156,La Ronge,-105.28598899999999,55.108230000000006,"La Ronge, SK",SK,La Ronge,Town,Saskatchewan,2688.0,1135.0,16.4,163.9,SK,,,4000.0,,
9201,Squamish,-123.1558121,49.7016339,"Squamish, BC",BC,Squamish,District municipality,British Columbia,19512.0,7574.0,104.87,186.1,BC,2966.6666666666665,5381.955208354861,2990.0,,
9204,Trois-Rivieres,-72.5432834,46.343239700000005,"Trois-Rivieres, QC",QC,Trois-Rivieres,Ville,Quebec,134413.0,67771.0,289.32,464.6,QC,762.5,,2700.555555555555,,
9230,Williams Lake,-122.14031229999999,52.1291689,"Williams Lake, BC",BC,Williams Lake,City,British Columbia,10753.0,5005.0,33.13,324.6,BC,850.0,,2900.0,,
9237,Woodstock,-80.74716509999999,43.1314966,"Woodstock, ON",ON,Woodstock,City,Ontario,40902.0,17530.0,48.97,835.3,ON,1483.3333333333333,3538.195520835486,3554.2666666666673,,
9243,Granby,-72.7340662,45.4032289,"Granby, QC",QC,Granby,Ville,Quebec,66222.0,30880.0,152.79,433.4,QC,,,,,
9272,Pickering,-79.08675790000001,43.8384117,"Pickering, ON",ON,Pickering,City,Ontario,91771.0,31630.0,231.55,396.3,ON,,,,,
9291,Stratford,-80.9822286,43.370000700000006,"Stratford, ON",ON,Stratford,City,Ontario,31465.0,14302.0,28.28,1112.5,ON,1425.0,2152.782083341944,3177.866666666667,,
9301,Saguenay,-71.06784240000002,48.4054903,Saguenay,,Saguenay,Ville,Quebec,145949.0,69859.0,1128.56,129.3,QC,700.0,,3085.2380952380954,,
9343,White Rock,-122.79981399999998,49.0246299,"White Rock, BC",BC,White Rock,City,British Columbia,19952.0,10856.0,5.12,3893.1,BC,,,,,
9446,Prince Rupert,-130.3413949,54.29872579999999,"Prince Rupert, BC",BC,Prince Rupert,City,British Columbia,12220.0,5677.0,66.28,184.4,BC,1375.0,2575.0,2700.0,,
9571,Lloydminster,-110.00619329999999,53.278804,Lloydminster,,Lloydminster,City,Alberta,19645.0,8444.0,24.04,817.3,AB,1133.3333333333333,2368.0602916761386,3156.4,,
9584,Gibsons,-123.5087362,49.4034194,"Gibsons, BC",BC,Gibsons,Town,British Columbia,4605.0,2320.0,4.29,1072.6,BC,1916.6666666666667,3498.2708854306593,4394.5,,
9641,Chatham-Kent,-82.56824646070059,42.5704857,Chatham-Kent,,Chatham-Kent,Municipality,Ontario,101647.0,46103.0,2457.9,41.4,ON,1050.0,1300.0,3000.0,,
9643,Fort Saskatchewan,-113.2135588,53.7129361,Fort Saskatchewan,,Fort Saskatchewan,City,Alberta,24149.0,9939.0,48.18,501.3,AB,1566.6666666666667,2798.6167083445275,2800.0,,
9647,Peace River,-117.29108390000002,56.2337111,"Peace River, AB",AB,Peace River,Town,Alberta,6842.0,2970.0,26.26,260.6,AB,,,5400.0,,
9658,Newmarket,-79.45951690000001,44.0545216,"Newmarket, ON",ON,Newmarket,Town,Ontario,84224.0,29315.0,38.45,2190.5,ON,1866.6666666666667,4750.0,3500.0,180.11789113265402,65.29742692167156
9667,Moose Factory,-80.60776340000001,51.2583425,"Moose Factory, ON",ON,,,,,,,,ON,,,,,
9736,Joliette,-73.43984499999999,46.0243857,Joliette,,Joliette,Ville,Quebec,20484.0,10285.0,22.97,891.8,QC,,,,,
9748,Montmagny,-70.5557013,46.9818451,Montmagny,,Montmagny,Ville,Quebec,11255.0,5651.0,124.51,90.4,QC,,,,,
9766,Minden,-78.7192512,44.9316514,Minden,,Minden,Township,Ontario,6088.0,6092.0,878.27,6.9,ON,,,,,
9793,Aldergrove,-122.4740903,49.0552881,Aldergrove,,,,,,,,,,,,5200.0,,
9847,Brandon,-99.95735440000001,49.8493165,"Brandon, MB",MB,Brandon,City,Manitoba,48859.0,21485.0,77.41,631.2,MB,1200.0,,2629.0,,
9903,Lake Louise,-116.1775352,51.42496679999999,Lake Louise AB,,,,,,,,,AB,,,5460.38888888889,,
9939,Sydney,-60.1917192,46.136922,"Sydney, NS",NS,,,,,,,,NS,1383.3333333333333,1184.0301458380693,2500.0,180.06821593226488,83.38508496984235
9955,Cold Lake,-110.18305600000001,54.465,Cold Lake,,Cold Lake,City,Alberta,14961.0,6657.0,59.92,249.7,AB,1350.0,,2757.0,,
9961,New Glasgow,-62.6483547,45.5869474,New Glasgow Nova Scotia,,New Glasgow,Town,Nova Scotia,9075.0,4640.0,9.96,911.6,NS,1033.3333333333333,1500.0,2475.9333333333334,,
9983,Courtenay,-124.9955322,49.689401200000006,Courtenay,,Courtenay,City,British Columbia,25599.0,12013.0,32.41,789.9,BC,1500.0,,2599.0,,
10024,Chilliwack,-121.95,49.166667,Chilliwack,,Chilliwack,City,British Columbia,83788.0,34038.0,261.65,320.2,BC,1600.0,2943.744761563597,2255.3194444444443,,
10025,Three Hills,-113.266667,51.7,"Three Hills, AB",AB,Three Hills,Town,Alberta,3212.0,1306.0,6.75,475.7,AB,,,6227.5,,
10028,Port Alberni,-124.80558880000001,49.2343521,Port Alberni,,Port Alberni,City,British Columbia,17678.0,8567.0,19.76,894.7,BC,1200.0,1429.0,2410.0,,
10055,Aurora,-79.4675311,43.9996971,"Aurora, ON",ON,Aurora,Town,Ontario,55445.0,19381.0,49.85,1112.3,ON,,,4166.666666666667,,
10060,Moose Jaw,-105.5409135,50.4001239,"Moose Jaw, SK",SK,Moose Jaw,City,Saskatchewan,33890.0,15866.0,50.68,668.7,SK,1100.0,,4888.88888888889,,
10069,Dawson,-139.43169550000002,64.0606605,Dawson City,,Dawson,Town,Yukon,1375.0,756.0,32.45,42.4,YT,2000.0,,,,
10110,Iroquois,-75.3070939,44.8495155,"Iroquois, ON",ON,,,,,,,,ON,,,,,
10138,Victoriaville,-71.9570622,46.055102000000005,"Victoriaville, QC",QC,Victoriaville,Ville,Quebec,46130.0,21380.0,84.23,547.7,QC,,,2901.0,,
10159,Fort Erie,-79.01543530000001,42.9144494,"Fort Erie, ON",ON,Fort Erie,Town,Ontario,30710.0,15345.0,166.27,184.7,ON,1200.0,,4567.0,,
10206,St. John's,-52.712583900000006,47.561484899999996,"St. John's, NL",NL,St. John's,City,Newfoundland and Labrador,108860.0,52410.0,445.88,244.1,NL,1480.0,3952.782083341944,2450.0,160.85164045794863,74.6793537970262
10230,Annapolis Valley,-64.8949916,45.010563700000006,"Annapolis Valley, NS",NS,,,,,,,,NS,890.0,1291.6692500051665,3100.0,,
10417,Bathurst,-65.6525135,47.625811,Bathurst,,Bathurst,City,New Brunswick,11897.0,6317.0,92.04,129.3,NB,950.0,,2490.0,,
10464,Port Perry,-78.947445,44.1010415,Port Perry,,,,,,,,,ON,1800.0,,,,
10509,Melfort,-104.6089497,52.863078,"Melfort, SK",SK,Melfort,City,Saskatchewan,5992.0,2691.0,14.78,405.4,SK,,,4555.0,,
10568,Duncan,-123.7080394,48.778686900000004,Duncan BC,,Duncan,City,British Columbia,4944.0,2523.0,2.07,2387.1,BC,1250.0,,4500.0,,
10588,Deep River,-77.48743940000001,46.1012136,"Deep River, ON",ON,Deep River,Town,Ontario,4109.0,1957.0,50.13,82.0,ON,,,4700.0,,
10676,Iqaluit,-68.50280190000001,63.7535819,"Iqaluit, NU",NU,Iqaluit,City,Nunavut,7740.0,3419.0,52.5,147.4,NU,3600.0,10763.910416709721,2700.0,,
10710,Gaspe,-64.4851792,48.8301224,Gaspe,,Gaspe,Ville,Quebec,14568.0,7074.0,1121.43,13.0,QC,,,,,
10737,Happy Valley-Goose Bay,-60.311130500000004,53.2965666,Happy Valley-Goose Bay,,Happy Valley-Goose Bay,Town,Newfoundland and Labrador,8109.0,3271.0,305.85,26.5,NL,3000.0,,,,
10793,Langley,-122.65,49.1,"Langley, BC",BC,Langley,City,British Columbia,25888.0,12264.0,10.22,2533.6,BC,1957.1419999999998,5229.5,3010.3333333333335,,61.30339779290125
10843,Mascouche,-73.60055909999998,45.7453521,Mascouche,,Mascouche,Ville,Quebec,46692.0,18322.0,107.0,436.4,QC,800.0,,,,
10915,Summerside,-63.7887041,46.393884299999996,"Summerside, PE",PE,Summerside,City,Prince Edward Island,14829.0,6946.0,28.49,520.5,PE,,,,,
10929,Niagara Falls,-79.113966,43.100106700000005,Niagara Falls,,Niagara Falls,City,Ontario,88071.0,37265.0,209.73,419.9,ON,1520.0,3100.0,3100.0,192.14607578708592,76.4772833183076
10935,Estevan,-103.0,49.15,Estevan,,Estevan,City,Saskatchewan,11483.0,5371.0,18.85,609.3,SK,1300.0,,3565.0,,
10945,Sainte-Adele,-74.1394682,45.9554831,Sainte-Adele,,Sainte-Adele,Ville,Quebec,12919.0,7602.0,120.95,106.8,QC,,,,,
10965,Campbellton,-66.6765997,48.0045215,"Campbellton, NB",NB,Campbellton,City,New Brunswick,6883.0,3443.0,18.58,370.5,NB,600.0,312.1534020845819,3958.333333333333,,
10979,Rimouski,-68.52924780000001,48.449282200000006,"Rimouski,QC",,Rimouski,Ville,Quebec,48664.0,24262.0,339.64,143.3,QC,,,3211.0,,
11069,Ajax,-79.0241785,43.8492143,"Ajax, ON",ON,Ajax,Town,Ontario,119677.0,38105.0,67.0,1786.4,ON,4000.0,8710.23,3750.0,,
11094,Diamond City,-112.8412739,49.7955656,Diamond City,,,,,,,,,AB,,,,,
11128,St. Paul,-111.291114,53.987646700000006,St. Paul,,St. Paul,Town,Alberta,5827.0,2378.0,8.64,674.2,AB,1200.0,,,,
11306,Edmundston,-68.3272191,47.3633116,Edmundston,,Edmundston,City,New Brunswick,16580.0,8051.0,106.85,155.2,NB,1033.3333333333333,,2399.0,,
11339,Ste. Agathe,-97.182039,49.5668153,"Ste. Agathe, Manitoba",MB,,,,,,,,MB,,,,,
11404,Milton,-80.0752315,43.5613515,Milton,,Milton,Town,Ontario,110128.0,35537.0,363.22,303.2,ON,1750.0,4118.060291676138,4449.333333333333,,
11543,Antigonish,-61.9904928,45.621360700000004,Antigonish,,Antigonish,Town,Nova Scotia,4364.0,2596.0,5.01,871.7,NS,1500.0,,3650.0,,
11593,Maple Ridge,-114.0387304,50.9580978,Maple Ridge,,Maple Ridge,City,British Columbia,82256.0,31400.0,266.78,308.3,BC,1933.3333333333333,4682.298583341944,3708.166666666667,,
11594,Parksville,-124.32144960000001,49.3075961,Parksville,,Parksville,City,British Columbia,12514.0,6445.0,14.56,859.6,BC,3000.0,,2860.0,,
11747,Prince Albert,-105.7468433,53.1997539,Prince Albert,,Prince Albert,City,Saskatchewan,35926.0,15173.0,67.29,533.9,SK,1200.0,,2261.0,,
11781,Sechelt,-123.75908319999999,49.472401700000006,Sechelt,,Sechelt,District municipality,British Columbia,10216.0,5378.0,39.02,261.8,BC,2400.0,,3000.0,,
11811,Selkirk,-96.87880030000001,50.145620799999996,Selkirk,,Selkirk,City,Manitoba,10278.0,4328.0,24.86,413.4,MB,,,,,
11812,Pincher Creek,-113.9502919,49.485667,"Pincher Creek, AB",AB,Pincher Creek,Town,Alberta,3642.0,1589.0,10.09,361.1,AB,,,,,
11868,Picton,-77.1400651,44.0088309,Picton,,,,,,,,,ON,1400.0,,2600.0,,
11869,Swan River,-102.0799025,52.5386121,Swan River,,Swan River,Town,Manitoba,4014.0,1946.0,7.16,560.4,MB,,,,,
11892,St. Albert,-113.62795279999999,53.6332037,"St. Albert, AB",AB,St. Albert,City,Alberta,65589.0,24446.0,48.45,1353.9,AB,1600.0,,6000.0,,
12050,Gander,-54.610542099999996,48.9541833,Gander,,Gander,Town,Newfoundland and Labrador,11688.0,5167.0,104.25,112.1,NL,,,,,
12110,Val-d'Or,-77.80087809999999,48.0976477,"Val-d'Or, QC",QC,Val-d'Or,Ville,Quebec,32491.0,15352.0,3550.7,9.2,QC,,,,,
12114,Grand Falls-Windsor,-55.652065,48.9437512,Grand Falls-Windsor,,Grand Falls-Windsor,Town,Newfoundland and Labrador,14171.0,6406.0,54.67,259.2,NL,1100.0,,,,
12134,Cranbrook,-115.75839769999999,49.5089765,Cranbrook,,Cranbrook,City,British Columbia,20047.0,8799.0,32.0,626.6,BC,1433.3333333333333,2450.0,2911.25,,64.43015459648797
12146,Port Coquitlam,-122.76519909999999,49.2559998,"Port Coquitlam, BC",BC,Port Coquitlam,City,British Columbia,58612.0,22586.0,29.17,2009.4,BC,2200.0,,3826.6666666666665,,
12159,Sept-Iles,-66.37803149999999,50.2114102,Sept-Iles,,Sept-Iles,Ville,Quebec,25400.0,12600.0,1762.92,14.4,QC,900.0,,,,
12167,Yorkton,-102.4597301,51.211682399999994,Yorkton,,Yorkton,City,Saskatchewan,16343.0,7394.0,36.32,449.9,SK,1200.0,,3305.5,,
12305,Orillia,-79.42298050000001,44.603084499999994,"Orillia, ON",ON,Orillia,City,Ontario,31166.0,14287.0,28.58,1090.3,ON,1500.0,,5446.111111111111,,
12404,Airdrie,-114.01059939999999,51.28592570000001,Airdrie,,Airdrie,City,Alberta,61581.0,22398.0,84.57,728.2,AB,1500.0,2690.9776041774303,5000.0,,
12433,Kirkland Lake,-80.0330343,48.1510123,Kirkland Lake,,Kirkland Lake,Town,Ontario,7981.0,4466.0,262.13,30.4,ON,,,,,
12436,Hagersville,-80.046821,42.964235200000005,Hagersville,,,,,,,,,ON,1400.0,1400.0,3200.0,,
12520,Spruce Grove,-113.9033672,53.542784600000005,Spruce Grove,,Spruce Grove,City,Alberta,34066.0,13109.0,32.2,1057.9,AB,2200.0,,,,
12587,Châteauguay,-73.74940330000003,45.36015889999999,"Châteauguay, QC",QC,Châteauguay,Ville,Quebec,47906.0,19366.0,35.95,1332.7,QC,1200.0,3058.4511909764565,3250.0,,
12595,Kensington,-63.63735109999999,46.4368934,Kensington,,Kensington,Town,Prince Edward Island,1619.0,781.0,3.01,537.8,PE,,,,,
12615,Norman Wells,-126.8286524,65.28149379999999,Norman Wells,,Norman Wells,Town,Northwest Territories,778.0,406.0,82.86,9.4,NT,,,,,
12657,Goderich,-81.7138942,43.7428345,Goderich,,Goderich,Town,Ontario,7628.0,3676.0,8.64,882.8,ON,,,,,
12661,Innisfil,-79.6114973,44.30088129999999,"Innisfil, ON",ON,Innisfil,Town,Ontario,36566.0,14875.0,262.71,139.2,ON,,,,,
12688,Vanderhoof,-124.0129801,54.01397979999999,Vanderhoof,,Vanderhoof,District municipality,British Columbia,4439.0,1831.0,54.83,81.0,BC,1125.0,,4750.0,,
12692,Whitecourt,-115.6849812,54.142404299999995,"Whitecourt, AB",AB,Whitecourt,Town,Alberta,10204.0,4253.0,26.44,386.0,AB,,,5222.0,,
12708,Woodstock,-80.74716509999998,43.1314966,Woodstock,,Woodstock,City,Ontario,40902.0,17530.0,48.97,835.3,ON,,,3037.0,,
12746,Delta,-123.02647590000001,49.09521549999999,"Delta, BC",BC,Delta,District municipality,British Columbia,102238.0,37590.0,180.2,567.4,BC,2200.0,,3500.0,,
12810,Ardrossan,-113.142839,53.55160600000001,Ardrossan,,,,,,,,,AB,,,,,
12815,Salmon Arm,-119.2838443,50.700103399999996,"Salmon Arm, BC",BC,Salmon Arm,City,British Columbia,17706.0,7838.0,155.28,114.0,BC,1800.0,,,,
12890,Morden,-98.0977324,49.192329,"Morden, MB",MB,Morden,City,Manitoba,8668.0,3636.0,16.37,529.4,MB,1400.0,2755.561066677689,2416.6666666666665,,
12932,Moosomin,-101.6668282,50.143567100000006,Moosomin,,Moosomin,Town,Saskatchewan,2743.0,1275.0,7.59,361.5,SK,,,,,
12938,Scott,-71.06846999999998,46.5042011,"Scott, QC",QC,Scott,Municipalité,Quebec,2352.0,1046.0,31.31,75.1,QC,,,,,
12991,West Nipissing,-79.92472990000002,46.367947799999996,West Nipissing,,West Nipissing,Municipality,Ontario,14364.0,7013.0,1993.63,7.2,ON,,,,,
13002,Shawinigan,-72.74352540000002,46.5618559,Shawinigan,,Shawinigan,Ville,Quebec,49349.0,26953.0,734.84,67.2,QC,,,2602.0,,
13191,Port Colborne,-79.2508558,42.88652039999999,Port Colborne,,Port Colborne,City,Ontario,18306.0,9825.0,121.96,150.1,ON,,,,,
13194,Orangeville,-80.0943113,43.919978799999996,Orangeville,,Orangeville,Town,Ontario,28900.0,10696.0,15.61,1851.9,ON,1750.0,,4166.666666666667,,
13222,Inuvik,-133.7230177,68.3607437,Inuvik,,Inuvik,Town,Northwest Territories,3243.0,1477.0,62.48,51.9,NT,,,,,
13227,Fernie,-115.0630649,49.50404520000001,"Fernie, BC",BC,Fernie,City,British Columbia,5249.0,3032.0,13.5,388.7,BC,,,,,
13231,Truro,-63.300006,45.366668,Truro,,Truro,Town,Nova Scotia,12261.0,6574.0,34.49,355.5,NS,,,2475.0,,
13296,Auclair,-68.644387,47.7284689,"Auclair, QC",QC,Auclair,Municipalité,Quebec,448.0,265.0,105.44,4.2,QC,,,,,
13297,Beaverlodge,-119.423302,55.213974,"Beaverlodge, AB",AB,Beaverlodge,Town,Alberta,2465.0,1024.0,5.73,430.5,AB,,,4800.0,,
13298,Caroline,-114.74044170000002,52.0939324,"Caroline, AB",AB,Caroline,Village,Alberta,512.0,259.0,2.04,250.4,AB,,,5500.0,,
13299,Castlegar,-117.6593341,49.3237408,"Castlegar, BC",BC,Castlegar,City,British Columbia,8039.0,3655.0,19.67,408.6,BC,1350.0,,4195.0,,
13301,Deschambault-Grondines,-71.92955620000001,46.6506402,"Deschambault, QC",QC,Deschambault-Grondines,Municipalité,Quebec,2220.0,1137.0,124.39,17.8,QC,,,,,
13302,Dorset,-78.8938886,45.244234999999996,Dorset,,,,,,,,,ON,,,5000.0,,
13303,Ferme-Neuve,-75.61244520000001,46.8143448,Ferme Neuve,,Ferme-Neuve,Municipalité,Quebec,2706.0,1388.0,793.44,3.4,QC,,,,,
13304,Flin Flon,-101.8762147,54.76576850000001,Flin Flon,,Flin Flon,City,Manitoba,4982.0,2583.0,13.87,359.2,MB,,,,,
13305,Fort Mackay,-111.636785,57.186758,Fort Mackay,,Fort Mackay,Indian Settlement,Alberta,742.0,303.0,9.53,77.9,AB,,,,,
13306,Grand Bend,-81.75622419999998,43.313039700000004,Grand Bend,,,,,,,,,ON,,,,,
13307,Grand Falls,-67.7399015,47.0479934,Grand Falls,,Grand Falls,Town,New Brunswick,5326.0,2622.0,18.09,294.4,NB,,,2498.0,,
13308,Hope,-121.4424751,49.38299310000001,Hope,,Hope,District municipality,British Columbia,6181.0,3123.0,40.95,151.0,BC,900.0,,,,
13309,Houston,-126.64820870000001,54.397997200000006,Houston,,Houston,District municipality,British Columbia,2993.0,1402.0,72.94,41.0,BC,,,5000.0,,
13310,La Dore,-72.649283,48.713646600000004,La Dore,,La Dore,Paroisse (municipalité de),Quebec,1365.0,669.0,289.8,4.7,QC,,,,,
13311,La Patrie,-71.2496433,45.4018576,La Patrie,,La Patrie,Municipalité,Quebec,768.0,433.0,204.82,3.7,QC,,,,,
13312,La Peche,-75.9732272,45.6882824,La Peche,,La Peche,Municipalité,Quebec,7863.0,4665.0,585.93,13.4,QC,,,,,
13315,Parry Sound,-80.03478299999998,45.3473925,Parry Sound,,Parry Sound,Town,Ontario,6408.0,3150.0,13.4,478.2,ON,,,,,
13316,Port Hawkesbury,-61.358554299999994,45.6276473,Port Hawkesbury,,Port Hawkesbury,Town,Nova Scotia,3214.0,1554.0,8.1,396.6,NS,,,,,
13317,Port Stanley,-81.21563290000002,42.66413529999999,Port Stanley,,,,,,,,,ON,,,,,
13319,Quesnel,-122.4949058,52.9817372,Quesnel,,Quesnel,City,British Columbia,9879.0,4706.0,35.39,279.2,BC,1200.0,,2523.0,,
13324,Senneterre,-77.24116740000001,48.390597,Senneterre,,Senneterre,Ville,Quebec,2868.0,1448.0,14889.93,0.2,QC,,,,,
13847,The Pas,-101.24761290000001,53.8255265,"The Pas, MB",MB,The Pas,Town,Manitoba,5369.0,2349.0,49.52,108.4,MB,1400.0,,1500.0,,
13882,Meadow Lake,-108.4280261,54.131674600000004,"Meadow Lake, SK",SK,Meadow Lake,City,Saskatchewan,5344.0,2113.0,12.32,433.6,SK,1050.0,,5000.0,,
